{"cameraMode":{"drawMode":0,"name":"Shaded","section":"Shading Mode"},"sceneLighting":true,"audioPlay":false,"sceneViewState":{"m_AlwaysRefresh":false,"showFog":true,"showSkybox":true,"showFlares":true,"showImageEffects":true,"showParticleSystems":true,"showVisualEffectGraphs":true,"m_FxEnabled":true},"in2DMode":false,"pivot":{"x":-15.789581298828125,"y":-2.6182174682617189,"z":78.33541870117188},"rotation":{"x":-0.05200476199388504,"y":0.1338232159614563,"z":-0.007015525363385677,"w":-0.9896272420883179},"size":54.76531219482422,"orthographic":false}