{"cameraMode":{"drawMode":0,"name":"Shaded","section":"Shading Mode"},"sceneLighting":true,"audioPlay":false,"sceneViewState":{"m_AlwaysRefresh":false,"showFog":true,"showSkybox":true,"showFlares":true,"showImageEffects":true,"showParticleSystems":true,"showVisualEffectGraphs":true,"m_FxEnabled":true},"in2DMode":false,"pivot":{"x":-13.514573097229004,"y":-36.40473937988281,"z":75.46366882324219},"rotation":{"x":-0.21490119397640229,"y":0.0886499360203743,"z":-0.019575897604227067,"w":-0.9724184274673462},"size":53.183895111083987,"orthographic":false}